id,first_name,last_name,email,gender,ip_address
1,Tandi,Mackie,tmackie0@mtv.com,Female,157.239.12.240
2,Allyce,McGilleghole,amcgilleghole1@cafepress.com,Female,92.44.131.15
3,Mignonne,Pirot,mpirot2@pcworld.com,Female,9.78.130.18
4,Dennison,Gibling,dgibling3@goo.gl,Male,188.109.152.50
5,Flin,Langeren,flangeren4@fastcompany.com,Male,7.19.53.83
6,Brook,Verdey,bverdey5@ca.gov,Male,49.87.77.35
7,Demetra,Asman,dasman6@acquirethisname.com,Female,193.25.145.86
8,Chastity,Kivlehan,ckivlehan7@tripadvisor.com,Female,89.161.99.58
9,Enid,Corpes,ecorpes8@ifeng.com,Female,91.46.118.252
10,Gardner,Cowap,gcowap9@twitter.com,Male,80.161.62.228
11,Malynda,Steenson,msteensona@google.it,Female,212.209.56.206
12,Tabbie,Joesbury,tjoesburyb@smugmug.com,Male,219.248.237.233
13,Donovan,Gillani,dgillanic@census.gov,Male,70.24.215.155
14,Haleigh,Baitey,hbaiteyd@miitbeian.gov.cn,Male,236.118.205.251
15,Martie,Stutter,mstuttere@nba.com,Female,48.135.224.109
16,Burlie,Minors,bminorsf@salon.com,Male,66.61.9.119
17,Julissa,Voas,jvoasg@nasa.gov,Female,226.132.113.252
18,Moshe,Newcomen,mnewcomenh@reddit.com,Male,113.134.149.174
19,Janna,Zorzutti,jzorzuttii@wikia.com,Female,179.160.8.226
20,Justina,Huie,jhuiej@paypal.com,Female,94.194.162.75
21,Stacee,Boulds,sbouldsk@technorati.com,Male,112.190.235.158
22,Gerry,Davydzenko,gdavydzenkol@alexa.com,Male,206.40.210.15
23,Thurston,Kollach,tkollachm@bigcartel.com,Male,146.143.111.43
24,Izzy,Avrahamy,iavrahamyn@chronoengine.com,Male,65.214.68.159
25,Annamarie,Bartosik,abartosiko@sohu.com,Female,146.199.192.65
26,Elisa,Willshaw,ewillshawp@surveymonkey.com,Female,43.35.169.115
27,Sylvan,Sparwell,ssparwellq@vk.com,Male,74.36.220.131
28,Alidia,Climer,aclimerr@godaddy.com,Female,239.102.239.217
29,Felicdad,Clapston,fclapstons@instagram.com,Female,30.11.9.249
30,Zuzana,Collecott,zcollecottt@unblog.fr,Female,225.102.92.118
31,Ammamaria,Benfield,abenfieldu@craigslist.org,Female,160.187.158.161
32,Virgie,Elnor,velnorv@cargocollective.com,Male,223.94.18.101
33,Patin,Hanner,phannerw@adobe.com,Male,152.128.212.201
34,Desirae,Seeley,dseeleyx@google.ca,Female,53.75.57.209
35,Leonid,Geertsen,lgeertseny@sohu.com,Male,105.194.203.214
36,Nancie,Burr,nburrz@tinypic.com,Female,39.248.176.120
37,Godfree,Seares,gseares10@un.org,Male,45.185.149.89
38,Pren,Guirardin,pguirardin11@shop-pro.jp,Male,135.241.206.195
39,Benyamin,Weldrick,bweldrick12@boston.com,Male,232.67.45.109
40,Mikey,Du Barry,mdubarry13@com.com,Male,58.92.161.28
41,Flore,Fontanet,ffontanet14@seattletimes.com,Female,8.103.133.232
42,Chet,Adelman,cadelman15@disqus.com,Male,230.28.28.195
43,Akim,Merigot,amerigot16@phpbb.com,Male,12.182.165.129
44,Brittaney,Michelle,bmichelle17@ehow.com,Female,237.125.241.86
45,Pamela,Heinsh,pheinsh18@vistaprint.com,Female,65.51.6.248
46,Mirabel,Flook,mflook19@statcounter.com,Female,232.215.48.179
47,Shayne,McIleen,smcileen1a@gizmodo.com,Male,209.72.96.63
48,Bobina,Chrippes,bchrippes1b@marriott.com,Female,207.109.84.95
49,Aldis,McMurtyr,amcmurtyr1c@w3.org,Male,224.242.238.179
50,Yoshiko,Harragin,yharragin1d@stumbleupon.com,Female,174.167.43.82
51,Giff,Cluckie,gcluckie1e@slideshare.net,Male,144.251.109.29
52,Lissi,Metcalfe,lmetcalfe1f@networksolutions.com,Female,238.95.148.1
53,Ricardo,Wewell,rwewell1g@lulu.com,Male,159.7.131.5
54,Eydie,Feast,efeast1h@lulu.com,Female,121.213.17.225
55,Valdemar,Lucus,vlucus1i@ovh.net,Male,253.105.96.85
56,Gorden,Shaxby,gshaxby1j@twitter.com,Male,182.244.67.83
57,Dareen,Newbatt,dnewbatt1k@cbsnews.com,Female,83.213.39.234
58,Yance,Mogie,ymogie1l@msn.com,Male,150.122.134.20
59,Mommy,Bartoszewicz,mbartoszewicz1m@wikimedia.org,Female,42.107.47.245
60,Wald,Briereton,wbriereton1n@gizmodo.com,Male,49.34.251.49
61,Bibbye,Tedahl,btedahl1o@wiley.com,Female,139.141.56.14
62,Ken,Lorenzo,klorenzo1p@loc.gov,Male,43.40.117.108
63,Katti,Godar,kgodar1q@si.edu,Female,84.86.205.206
64,Gaven,Constanza,gconstanza1r@techcrunch.com,Male,250.234.225.14
65,Gabby,Senten,gsenten1s@google.com.br,Male,73.166.88.124
66,Joachim,Chazelas,jchazelas1t@ustream.tv,Male,236.36.116.50
67,Douglass,Bilbrooke,dbilbrooke1u@answers.com,Male,119.0.204.25
68,Allys,Bierton,abierton1v@unblog.fr,Female,43.11.217.124
69,Murielle,Tissiman,mtissiman1w@yelp.com,Female,176.111.143.144
70,Dannye,Rosenstein,drosenstein1x@wikia.com,Female,231.142.15.108
71,Huntlee,Easthope,heasthope1y@imdb.com,Male,176.194.51.101
72,Theodoric,Rawlinson,trawlinson1z@myspace.com,Male,67.97.179.131
73,Helyn,Theml,htheml20@aboutads.info,Female,69.84.128.248
74,Orlando,Musk,omusk21@chronoengine.com,Male,138.109.105.67
75,Veronike,Nicolls,vnicolls22@e-recht24.de,Female,252.139.212.143
76,Marchall,Pickerell,mpickerell23@bizjournals.com,Male,141.132.174.33
77,Zared,Syrett,zsyrett24@myspace.com,Male,101.113.72.173
78,Janey,Crimes,jcrimes25@odnoklassniki.ru,Female,111.92.161.56
79,Arabelle,Vasenkov,avasenkov26@macromedia.com,Female,16.160.33.239
80,Brennan,Thomazet,bthomazet27@sourceforge.net,Male,210.76.155.215
81,Tommie,Karpychev,tkarpychev28@spotify.com,Male,155.67.213.126
82,Kellina,Clinton,kclinton29@discuz.net,Female,152.240.15.232
83,Sloan,Wimmer,swimmer2a@linkedin.com,Male,90.221.35.181
84,Gaylord,Treeby,gtreeby2b@360.cn,Male,109.170.124.114
85,Cordelia,Antonoczyk,cantonoczyk2c@ed.gov,Female,243.117.172.48
86,Torin,Cockett,tcockett2d@sciencedaily.com,Male,31.71.41.55
87,Christy,Earengey,cearengey2e@utexas.edu,Male,38.27.152.89
88,Collie,Sofe,csofe2f@auda.org.au,Female,3.34.143.193
89,Patty,Rabjohns,prabjohns2g@timesonline.co.uk,Male,23.246.242.83
90,Gerrie,Brenstuhl,gbrenstuhl2h@dropbox.com,Male,161.193.205.33
91,Melitta,Eden,meden2i@zdnet.com,Female,248.59.173.195
92,Alonzo,Holdin,aholdin2j@hhs.gov,Male,177.174.204.175
93,Brewster,Folca,bfolca2k@latimes.com,Male,121.25.130.97
94,Jemmy,Caspell,jcaspell2l@webnode.com,Female,1.211.107.70
95,Robbin,Lettsom,rlettsom2m@trellian.com,Female,10.225.241.168
96,Hunt,Gossage,hgossage2n@marketwatch.com,Male,99.9.37.60
97,Bryna,Rontsch,brontsch2o@gnu.org,Female,45.169.195.25
98,Janaya,Ranscombe,jranscombe2p@ask.com,Female,101.26.220.186
99,Dorie,Winspar,dwinspar2q@is.gd,Female,253.142.173.122
100,Jo,Warne,jwarne2r@multiply.com,Male,10.112.45.134
101,Noll,Stringer,nstringer2s@shinystat.com,Male,120.94.28.155
102,Erena,Bloore,ebloore2t@bravesites.com,Female,194.222.179.198
103,Martina,Okenfold,mokenfold2u@com.com,Female,232.1.188.254
104,Jean,Aberchirder,jaberchirder2v@reverbnation.com,Female,78.69.190.118
105,Garner,Isacke,gisacke2w@columbia.edu,Male,165.102.57.202
106,Tiffie,Caesmans,tcaesmans2x@google.pl,Female,234.181.15.26
107,Laughton,Shaves,lshaves2y@merriam-webster.com,Male,70.113.74.97
108,Shirlee,Franzonetti,sfranzonetti2z@google.co.uk,Female,67.100.143.23
109,Sula,Denyer,sdenyer30@lulu.com,Female,108.151.54.99
110,Judas,Lyver,jlyver31@bandcamp.com,Male,23.172.216.153
111,Fleurette,Lukes,flukes32@yellowpages.com,Female,134.133.31.53
112,Ileana,Youthead,iyouthead33@oracle.com,Female,96.94.189.80
113,Jeri,Geerdts,jgeerdts34@businesswire.com,Female,35.231.192.244
114,Cissiee,Spare,cspare35@who.int,Female,10.167.56.191
115,Henka,Harnor,hharnor36@unicef.org,Female,241.192.165.213
116,Fairlie,Hein,fhein37@columbia.edu,Male,20.196.135.144
117,Leoline,Dormon,ldormon38@utexas.edu,Female,252.91.149.48
118,Clarey,Vedntyev,cvedntyev39@techcrunch.com,Female,59.113.46.239
119,Carlynne,Wolsey,cwolsey3a@joomla.org,Female,202.115.29.9
120,Wally,Leyband,wleyband3b@weibo.com,Male,80.44.72.37
121,Breena,McCerery,bmccerery3c@t.co,Female,1.100.91.62
122,Alair,Polgreen,apolgreen3d@mozilla.org,Male,125.89.56.239
123,Niels,Huntington,nhuntington3e@wikipedia.org,Male,149.215.166.29
124,Monah,Grimsditch,mgrimsditch3f@unc.edu,Female,0.113.73.61
125,Webb,O'Leagham,woleagham3g@homestead.com,Male,163.22.104.247
126,Jyoti,Korous,jkorous3h@godaddy.com,Female,139.126.223.77
127,Ermanno,Gerrit,egerrit3i@nhs.uk,Male,26.93.146.15
128,Ronica,Burgiss,rburgiss3j@issuu.com,Female,161.1.89.95
129,Fee,Brusin,fbrusin3k@fda.gov,Male,15.145.214.201
130,Nichols,Duell,nduell3l@blinklist.com,Male,215.244.148.186
131,Sharline,Langlois,slanglois3m@naver.com,Female,89.171.14.117
132,Natalie,Gilbeart,ngilbeart3n@wufoo.com,Female,172.79.56.143
133,Kaylil,Knapp,kknapp3o@usnews.com,Female,163.147.147.134
134,Nicol,Dilawey,ndilawey3p@aol.com,Female,239.61.95.210
135,Wainwright,Wilsey,wwilsey3q@nih.gov,Male,201.247.74.107
136,Ermentrude,Amor,eamor3r@w3.org,Female,182.80.92.49
137,Billy,Puddifer,bpuddifer3s@springer.com,Female,44.69.88.74
138,Ritchie,Fairburne,rfairburne3t@businesswire.com,Male,206.90.193.76
139,Maurits,McIlwaine,mmcilwaine3u@php.net,Male,81.144.207.135
140,Aggy,Kisting,akisting3v@tiny.cc,Female,140.240.232.89
141,Brina,Triplow,btriplow3w@utexas.edu,Female,167.192.161.99
142,Enrico,Stovin,estovin3x@tiny.cc,Male,107.124.81.168
143,Shandeigh,Clavey,sclavey3y@tmall.com,Female,173.230.197.147
144,Hymie,Leith,hleith3z@usda.gov,Male,157.5.218.27
145,Lind,Knewstubb,lknewstubb40@arstechnica.com,Female,109.185.77.35
146,Sanderson,Lamport,slamport41@histats.com,Male,127.180.152.36
147,Cosetta,Bliss,cbliss42@time.com,Female,88.243.196.29
148,Violet,Gorries,vgorries43@chron.com,Female,222.72.232.171
149,Kilian,Andrusov,kandrusov44@hp.com,Male,20.147.157.13
150,Ky,Varker,kvarker45@cdbaby.com,Male,14.254.206.194
151,Yasmeen,Sone,ysone46@zimbio.com,Female,9.116.63.99
152,Amalee,Bollins,abollins47@psu.edu,Female,217.142.248.99
153,Pearce,Amesbury,pamesbury48@freewebs.com,Male,103.246.88.33
154,Pris,Dickey,pdickey49@bbc.co.uk,Female,194.217.25.182
155,Toby,Cadany,tcadany4a@theglobeandmail.com,Female,61.241.27.112
156,Nollie,Heninghem,nheninghem4b@fc2.com,Female,236.168.89.143
157,Gearard,Uridge,guridge4c@vk.com,Male,127.124.130.135
158,Hobart,McKeon,hmckeon4d@unesco.org,Male,101.13.30.85
159,Keen,Stare,kstare4e@omniture.com,Male,98.240.74.103
160,Jessa,Dreschler,jdreschler4f@huffingtonpost.com,Female,129.50.109.71
161,Evan,Ettels,eettels4g@godaddy.com,Male,55.164.43.39
162,Mel,Urlich,murlich4h@about.com,Male,124.105.59.241
163,Tobiah,Menchenton,tmenchenton4i@nasa.gov,Male,171.104.54.166
164,Rustin,Asmus,rasmus4j@fotki.com,Male,231.126.121.172
165,Rafa,Djurisic,rdjurisic4k@yale.edu,Female,125.128.250.140
166,Britni,Gobert,bgobert4l@techcrunch.com,Female,175.135.217.145
167,Imelda,Jiranek,ijiranek4m@ask.com,Female,74.168.178.84
168,Nixie,Bernier,nbernier4n@apple.com,Female,40.186.83.54
169,Gabrila,Cordeau],gcordeau4o@elpais.com,Female,48.87.82.23
170,Joby,Sudworth,jsudworth4p@pcworld.com,Female,194.84.205.250
171,Roxanna,Greschik,rgreschik4q@netscape.com,Female,137.242.148.148
172,Maddi,Cadore,mcadore4r@house.gov,Female,85.75.165.20
173,Fawnia,Abbay,fabbay4s@acquirethisname.com,Female,235.34.160.234
174,Robin,Mingaud,rmingaud4t@archive.org,Male,172.67.65.23
175,Hayes,Cowin,hcowin4u@unicef.org,Male,128.126.111.100
176,Devonne,Happer,dhapper4v@princeton.edu,Female,20.200.229.179
177,Hilary,Tarte,htarte4w@cnn.com,Female,81.99.242.135
178,Katerine,Firsby,kfirsby4x@macromedia.com,Female,182.248.209.15
179,Elianore,Mattiessen,emattiessen4y@forbes.com,Female,97.80.191.74
180,Martino,Reoch,mreoch4z@google.de,Male,11.125.50.119
181,Leanor,Currin,lcurrin50@prnewswire.com,Female,141.86.186.172
182,Sherwin,Kedward,skedward51@chronoengine.com,Male,208.95.108.49
183,Gan,Pendlington,gpendlington52@psu.edu,Male,219.163.21.173
184,Robbie,Whitfeld,rwhitfeld53@hugedomains.com,Female,110.16.131.145
185,Amy,Featenby,afeatenby54@smugmug.com,Female,225.83.223.133
186,Yevette,Omrod,yomrod55@nsw.gov.au,Female,208.250.187.71
187,Nicolai,Quipp,nquipp56@dailymail.co.uk,Male,183.251.23.117
188,Gonzalo,Fedorchenko,gfedorchenko57@weebly.com,Male,69.54.191.243
189,Caz,Alvin,calvin58@networksolutions.com,Male,255.45.173.12
190,Gale,Blenkhorn,gblenkhorn59@nytimes.com,Female,68.175.210.93
191,Ebenezer,Vandenhoff,evandenhoff5a@imgur.com,Male,191.91.177.195
192,Arlette,Arnaudi,aarnaudi5b@buzzfeed.com,Female,118.88.209.32
193,Sherri,Barends,sbarends5c@weibo.com,Female,165.74.203.200
194,Calida,Guille,cguille5d@woothemes.com,Female,245.182.102.124
195,Manfred,Veeler,mveeler5e@networkadvertising.org,Male,108.4.57.127
196,Stillmann,Gaymar,sgaymar5f@t-online.de,Male,15.32.247.209
197,Caprice,Haddinton,chaddinton5g@wordpress.org,Female,191.120.225.111
198,Nance,Constance,nconstance5h@sphinn.com,Female,194.2.233.183
199,Willetta,Kraut,wkraut5i@tumblr.com,Female,88.216.32.224
200,Janey,Biasio,jbiasio5j@wired.com,Female,194.199.227.103
201,Fiann,Kellough,fkellough5k@hud.gov,Female,153.96.78.148
202,Aaron,Kempstone,akempstone5l@hostgator.com,Male,210.8.240.163
203,Goober,Willeson,gwilleson5m@mediafire.com,Male,196.186.235.116
204,Paddy,Revey,prevey5n@china.com.cn,Male,21.4.245.123
205,Parrnell,Alves,palves5o@desdev.cn,Male,245.125.108.11
206,Ashby,Jeynes,ajeynes5p@japanpost.jp,Male,48.6.194.72
207,Blaire,Anfonsi,banfonsi5q@nih.gov,Female,175.76.127.238
208,Chip,Le Cornu,clecornu5r@themeforest.net,Male,117.225.116.253
209,Mortimer,Kinghorne,mkinghorne5s@harvard.edu,Male,67.69.186.190
210,Scotti,Erratt,serratt5t@google.com.au,Male,195.90.30.133
211,Mick,Haydney,mhaydney5u@senate.gov,Male,67.3.215.59
212,Jayson,Showalter,jshowalter5v@list-manage.com,Male,229.44.6.138
213,Courtney,McGiveen,cmcgiveen5w@lycos.com,Female,211.226.71.129
214,Letizia,Beine,lbeine5x@miibeian.gov.cn,Female,53.200.228.8
215,Karoly,Maker,kmaker5y@upenn.edu,Female,247.252.40.193
216,Wanids,Flook,wflook5z@ameblo.jp,Female,25.229.3.194
217,Keane,Stuckow,kstuckow60@drupal.org,Male,25.9.54.172
218,Bert,Petr,bpetr61@thetimes.co.uk,Female,131.58.1.196
219,Haven,Leete,hleete62@gmpg.org,Male,232.71.168.68
220,Magdaia,Gwillym,mgwillym63@ning.com,Female,99.226.126.2
221,Melvyn,Sutherns,msutherns64@163.com,Male,43.176.244.42
222,Wyatan,Yurov,wyurov65@canalblog.com,Male,48.69.17.200
223,Chuck,Stockall,cstockall66@deliciousdays.com,Male,251.107.211.7
224,Rodrick,Millis,rmillis67@umn.edu,Male,184.14.74.69
225,Marietta,Lievesley,mlievesley68@yelp.com,Female,132.130.50.74
226,Winnah,Skilling,wskilling69@jalbum.net,Female,242.115.155.78
227,Ardelis,Wreath,awreath6a@edublogs.org,Female,80.197.189.70
228,Billi,Fortin,bfortin6b@wordpress.com,Female,158.92.37.20
229,Patty,Coning,pconing6c@globo.com,Male,245.56.217.81
230,Hilario,Harrild,hharrild6d@reverbnation.com,Male,161.133.181.6
231,Hanan,Roath,hroath6e@cornell.edu,Male,14.138.194.147
232,Burnaby,Staniland,bstaniland6f@nba.com,Male,230.92.58.55
233,Issiah,Oakinfold,ioakinfold6g@cpanel.net,Male,96.43.36.131
234,Elnora,Shepley,eshepley6h@buzzfeed.com,Female,58.159.74.17
235,Cad,Penn,cpenn6i@theglobeandmail.com,Male,165.130.104.164
236,Clem,Clougher,cclougher6j@wufoo.com,Male,159.157.142.134
237,Conni,Deare,cdeare6k@jigsy.com,Female,114.129.40.143
238,Mercie,Dinnies,mdinnies6l@pinterest.com,Female,88.4.34.184
239,Euell,Batchelder,ebatchelder6m@huffingtonpost.com,Male,231.125.29.181
240,Dave,Wimes,dwimes6n@sfgate.com,Male,155.114.33.53
241,Evyn,Redferne,eredferne6o@foxnews.com,Male,191.145.179.149
242,Elsinore,Slatcher,eslatcher6p@pinterest.com,Female,185.120.182.37
243,Enos,Jaslem,ejaslem6q@a8.net,Male,73.43.28.40
244,Merrel,Coomber,mcoomber6r@springer.com,Male,129.54.180.231
245,Arni,Cutchie,acutchie6s@mlb.com,Male,191.124.33.199
246,Terrence,O'Kielt,tokielt6t@dropbox.com,Male,212.14.216.254
247,Feodor,Wakefield,fwakefield6u@apple.com,Male,16.73.176.87
248,Allissa,Carrol,acarrol6v@fotki.com,Female,180.19.119.37
249,Dominik,Waddup,dwaddup6w@techcrunch.com,Male,244.198.198.17
250,Stevana,Barthel,sbarthel6x@springer.com,Female,243.241.173.35
251,Berton,Troup,btroup6y@soup.io,Male,44.206.68.88
252,Tania,Rosier,trosier6z@hexun.com,Female,99.92.91.202
253,Cynthia,Brakespear,cbrakespear70@pagesperso-orange.fr,Female,50.18.246.90
254,Quint,Farraway,qfarraway71@google.co.uk,Male,233.84.121.42
255,Kristos,Churchill,kchurchill72@zimbio.com,Male,48.181.167.218
256,Cordie,Phebee,cphebee73@usnews.com,Female,196.112.27.239
257,Walther,Basill,wbasill74@hubpages.com,Male,122.211.136.199
258,Weider,Garroch,wgarroch75@intel.com,Male,232.7.204.131
259,Roger,Dana,rdana76@oakley.com,Male,84.25.57.164
260,Jermaine,Clinton,jclinton77@t-online.de,Male,215.173.235.162
261,Leelah,Searles,lsearles78@forbes.com,Female,66.41.58.13
262,Marwin,Geri,mgeri79@twitpic.com,Male,62.203.109.119
263,Sergio,Aulsford,saulsford7a@blinklist.com,Male,145.35.251.6
264,Julietta,Donisthorpe,jdonisthorpe7b@cloudflare.com,Female,49.173.246.13
265,Luigi,Sudlow,lsudlow7c@imageshack.us,Male,51.178.11.120
266,Alair,Edward,aedward7d@sciencedaily.com,Male,155.86.254.127
267,Deonne,Garbott,dgarbott7e@kickstarter.com,Female,59.29.245.117
268,Markus,Archbutt,marchbutt7f@wp.com,Male,225.233.87.17
269,Melesa,Phant,mphant7g@bravesites.com,Female,250.153.245.100
270,Nance,Nurny,nnurny7h@sina.com.cn,Female,29.49.194.211
271,Dian,Lehmann,dlehmann7i@wsj.com,Female,54.209.167.158
272,Nelly,Dreher,ndreher7j@un.org,Female,194.35.88.44
273,Fanchette,Storr,fstorr7k@barnesandnoble.com,Female,79.207.162.128
274,Hershel,Oaks,hoaks7l@comcast.net,Male,178.60.107.115
275,Hagen,Wooler,hwooler7m@bluehost.com,Male,26.123.132.184
276,Valentine,Beadles,vbeadles7n@feedburner.com,Female,250.80.56.230
277,Arnoldo,Durnford,adurnford7o@wufoo.com,Male,53.159.88.21
278,Brigg,Jilkes,bjilkes7p@google.pl,Male,137.203.226.27
279,Domingo,Polamontayne,dpolamontayne7q@illinois.edu,Male,115.74.215.95
280,Horten,Lodge,hlodge7r@t.co,Male,205.86.198.214
281,Evyn,Henri,ehenri7s@infoseek.co.jp,Male,41.11.243.215
282,Bernarr,Looney,blooney7t@surveymonkey.com,Male,254.220.1.221
283,Paten,McBean,pmcbean7u@google.pl,Male,91.112.112.60
284,Caria,Magauran,cmagauran7v@gizmodo.com,Female,202.138.159.209
285,Lela,Melody,lmelody7w@wix.com,Female,57.131.227.0
286,Lorens,Falck,lfalck7x@ehow.com,Male,177.196.98.87
287,Lorette,Delle,ldelle7y@answers.com,Female,180.250.77.200
288,Caitrin,Gritland,cgritland7z@cornell.edu,Female,229.193.24.227
289,Mirna,Teager,mteager80@pagesperso-orange.fr,Female,4.194.37.66
290,Shir,Manvell,smanvell81@pbs.org,Female,122.97.206.135
291,Magdalene,Cosens,mcosens82@bloglovin.com,Female,6.118.0.60
292,Tabitha,Tilford,ttilford83@weebly.com,Female,101.64.96.174
293,Ogdon,Philipeau,ophilipeau84@uiuc.edu,Male,197.37.130.55
294,Fredelia,Rogers,frogers85@pinterest.com,Female,106.76.128.101
295,Giff,Dammarell,gdammarell86@mapy.cz,Male,181.174.51.58
296,Stefania,Jeffcoate,sjeffcoate87@shareasale.com,Female,28.80.18.163
297,Filmore,Spondley,fspondley88@google.de,Male,157.217.165.121
298,Dolores,Heavy,dheavy89@virginia.edu,Female,156.108.176.230
299,Obidiah,Beckinsale,obeckinsale8a@opera.com,Male,4.109.92.158
300,Eve,Sewley,esewley8b@hostgator.com,Female,206.17.99.214
301,Jillene,Bole,jbole8c@rambler.ru,Female,56.176.111.50
302,Julia,Puttick,jputtick8d@linkedin.com,Female,207.174.92.160
303,Celeste,Ferrillio,cferrillio8e@virginia.edu,Female,107.163.223.29
304,Sidnee,Fomichkin,sfomichkin8f@g.co,Male,193.253.104.40
305,John,Maddocks,jmaddocks8g@ftc.gov,Male,170.34.55.232
306,Padget,Edelheit,pedelheit8h@elegantthemes.com,Male,13.45.117.51
307,Ange,Gerbl,agerbl8i@netscape.com,Male,164.135.240.169
308,Dita,Flaxman,dflaxman8j@latimes.com,Female,163.73.250.51
309,Arne,Griffiths,agriffiths8k@about.com,Male,45.132.143.58
310,Vernor,Sandyfirth,vsandyfirth8l@vimeo.com,Male,175.46.15.127
311,Rowland,Coad,rcoad8m@wufoo.com,Male,183.244.98.226
312,Vivie,Arangy,varangy8n@pinterest.com,Female,22.25.115.200
313,Ugo,Keppy,ukeppy8o@earthlink.net,Male,2.241.128.149
314,Gleda,Frisby,gfrisby8p@loc.gov,Female,154.38.240.11
315,Edgardo,McRannell,emcrannell8q@craigslist.org,Male,20.247.156.193
316,Peadar,Lamas,plamas8r@boston.com,Male,166.147.202.4
317,Josefina,Ullett,jullett8s@free.fr,Female,139.230.255.202
318,Aubert,Cranny,acranny8t@hexun.com,Male,146.26.217.26
319,Glenden,Izhakov,gizhakov8u@amazonaws.com,Male,229.45.20.34
320,Abbie,Chittie,achittie8v@liveinternet.ru,Male,182.244.115.76
321,Aguste,Baythrop,abaythrop8w@skype.com,Male,67.73.101.42
322,Chet,Lyvon,clyvon8x@columbia.edu,Male,130.245.122.26
323,Lutero,Worthington,lworthington8y@booking.com,Male,243.85.105.222
324,Lennie,Fryman,lfryman8z@nih.gov,Male,169.251.213.208
325,Lyssa,Lampen,llampen90@so-net.ne.jp,Female,10.28.205.209
326,Lambert,Sancho,lsancho91@sina.com.cn,Male,53.185.215.78
327,Haily,Morby,hmorby92@utexas.edu,Male,174.74.84.181
328,Ibrahim,Haysar,ihaysar93@smh.com.au,Male,154.231.246.203
329,Neila,Stotherfield,nstotherfield94@blogs.com,Female,65.243.134.218
330,Drucie,Maier,dmaier95@lycos.com,Female,226.162.230.117
331,Minni,Delue,mdelue96@examiner.com,Female,86.222.162.169
332,Adolph,Izsak,aizsak97@yandex.ru,Male,132.242.141.199
333,Corrie,Underdown,cunderdown98@google.com.br,Male,87.3.8.242
334,Elfie,Loftie,eloftie99@spotify.com,Female,167.68.93.87
335,Frank,Marlen,fmarlen9a@nationalgeographic.com,Female,42.162.76.168
336,Ursula,Dorant,udorant9b@exblog.jp,Female,97.24.131.239
337,Lula,Serridge,lserridge9c@ebay.com,Female,43.48.211.114
338,Randi,Ollin,rollin9d@baidu.com,Male,199.181.131.51
339,Kerk,Axelbee,kaxelbee9e@slashdot.org,Male,26.165.42.80
340,Tawnya,Staning,tstaning9f@nhs.uk,Female,197.237.196.92
341,Claudio,Godsil,cgodsil9g@simplemachines.org,Male,122.239.234.114
342,Brok,Wile,bwile9h@jimdo.com,Male,198.196.206.195
343,Boothe,Jaher,bjaher9i@networksolutions.com,Male,170.196.8.90
344,Tania,Drake,tdrake9j@blinklist.com,Female,158.108.205.147
345,Madalena,Bathurst,mbathurst9k@etsy.com,Female,241.98.196.150
346,Nealy,Hamblin,nhamblin9l@cisco.com,Male,84.43.129.79
347,Andrea,Elkins,aelkins9m@google.fr,Male,242.24.45.189
348,Zahara,Murrey,zmurrey9n@engadget.com,Female,65.56.164.210
349,Wilmar,Ouldred,wouldred9o@liveinternet.ru,Male,49.7.83.123
350,Rodd,Humberston,rhumberston9p@ocn.ne.jp,Male,210.39.105.143
351,Agustin,Trehearne,atrehearne9q@dyndns.org,Male,89.61.55.222
352,Dennet,Judson,djudson9r@nationalgeographic.com,Male,42.101.226.52
353,Janel,Pollastro,jpollastro9s@tmall.com,Female,162.109.178.231
354,Vivien,Reaveley,vreaveley9t@ezinearticles.com,Female,110.153.252.201
355,Orton,Garaway,ogaraway9u@bloglines.com,Male,184.206.141.204
356,Tammy,Inett,tinett9v@phoca.cz,Male,133.172.172.165
357,Rancell,Leith-Harvey,rleithharvey9w@ucla.edu,Male,153.250.248.189
358,Eveline,Cuschieri,ecuschieri9x@theguardian.com,Female,238.0.78.97
359,Bethanne,Exon,bexon9y@shutterfly.com,Female,148.97.64.52
360,Nicol,Assante,nassante9z@tripod.com,Male,105.7.215.166
361,Burty,Ambrose,bambrosea0@home.pl,Male,107.90.208.85
362,Ferdinand,Fessby,ffessbya1@mit.edu,Male,203.156.141.234
363,Humberto,Cheale,hchealea2@sun.com,Male,208.63.15.211
364,Willis,Vidloc,wvidloca3@telegraph.co.uk,Male,72.138.178.67
365,Yankee,Lonsdale,ylonsdalea4@go.com,Male,228.94.178.245
366,Odo,Sive,osivea5@surveymonkey.com,Male,161.5.232.131
367,Dorry,Wimms,dwimmsa6@plala.or.jp,Female,109.175.22.141
368,Gustie,Poyzer,gpoyzera7@blogs.com,Female,170.31.138.171
369,Mac,Wegman,mwegmana8@google.co.uk,Male,10.164.4.245
370,Florence,Mahon,fmahona9@naver.com,Female,228.62.78.228
371,Beckie,Belford,bbelfordaa@biblegateway.com,Female,158.147.230.226
372,Caresse,Toombes,ctoombesab@goo.ne.jp,Female,99.186.4.81
373,Tiffani,Moulsdale,tmoulsdaleac@github.com,Female,234.2.185.185
374,Ely,McIndrew,emcindrewad@bluehost.com,Male,24.134.11.139
375,Gwenni,McKendry,gmckendryae@netvibes.com,Female,101.227.242.159
376,Leda,Jovis,ljovisaf@ted.com,Female,207.91.73.117
377,Nikolas,Sket,nsketag@mac.com,Male,135.239.27.13
378,Keane,Threadgould,kthreadgouldah@cloudflare.com,Male,112.24.186.61
379,Sissie,Squibbes,ssquibbesai@reference.com,Female,183.81.23.151
380,Amabelle,Scarborough,ascarboroughaj@fc2.com,Female,9.135.138.46
381,Barton,Matchell,bmatchellak@wikimedia.org,Male,87.251.43.148
382,Margareta,Benbow,mbenbowal@spotify.com,Female,157.19.183.180
383,Cacilia,Samwell,csamwellam@independent.co.uk,Female,99.236.140.223
384,Larina,Bilton,lbiltonan@theguardian.com,Female,252.249.169.87
385,Alvinia,Goodger,agoodgerao@chronoengine.com,Female,227.39.18.90
386,Cristy,Baudins,cbaudinsap@aol.com,Female,107.160.102.206
387,Sharl,Cadney,scadneyaq@scientificamerican.com,Female,207.40.224.206
388,Douglass,Woodyer,dwoodyerar@google.pl,Male,183.100.112.231
389,Clemmie,Gorger,cgorgeras@mail.ru,Male,8.45.159.55
390,Brett,Sandlin,bsandlinat@theatlantic.com,Female,1.58.251.63
391,Orelie,Aldcorn,oaldcornau@studiopress.com,Female,166.96.190.76
392,Corissa,Stagg,cstaggav@arizona.edu,Female,247.166.246.26
393,Gavan,Ravenshear,gravenshearaw@google.pl,Male,54.197.90.43
394,Gertrudis,Cosham,gcoshamax@digg.com,Female,237.97.76.54
395,Megan,Reina,mreinaay@dell.com,Female,113.210.27.126
396,Karissa,Faustian,kfaustianaz@wix.com,Female,156.249.79.233
397,Cristian,Stapells,cstapellsb0@dagondesign.com,Male,155.89.212.245
398,Chelsae,Brims,cbrimsb1@mapquest.com,Female,71.129.250.88
399,Ileana,Lantuff,ilantuffb2@vistaprint.com,Female,211.191.76.70
400,Krystalle,Oldale,koldaleb3@sohu.com,Female,106.184.229.123
401,Devora,Hassell,dhassellb4@canalblog.com,Female,176.15.68.173
402,Tildie,Malley,tmalleyb5@squarespace.com,Female,150.35.222.178
403,Cornie,Scaife,cscaifeb6@dailymotion.com,Male,126.123.241.251
404,Catina,Tracy,ctracyb7@dailymotion.com,Female,29.28.117.67
405,Zak,Docket,zdocketb8@prweb.com,Male,86.59.11.128
406,Ezmeralda,Mattiussi,emattiussib9@state.tx.us,Female,24.168.79.242
407,Traci,MacIntosh,tmacintoshba@kickstarter.com,Female,79.109.155.156
408,Wallas,Franzke,wfranzkebb@wikispaces.com,Male,146.168.246.12
409,Anissa,Gogarty,agogartybc@seattletimes.com,Female,84.81.185.33
410,Lynnell,Giscken,lgisckenbd@usnews.com,Female,123.255.2.209
411,Benson,Guihen,bguihenbe@wp.com,Male,249.24.235.80
412,Lelah,Bezant,lbezantbf@fc2.com,Female,184.168.238.115
413,Sayer,Rookledge,srookledgebg@163.com,Male,206.22.245.110
414,Samuele,Hinsche,shinschebh@engadget.com,Male,214.28.249.9
415,Barron,Raoux,braouxbi@tinyurl.com,Male,112.70.189.44
416,Giulio,Fresson,gfressonbj@google.co.uk,Male,95.3.43.115
417,Willow,Grigoire,wgrigoirebk@eepurl.com,Female,245.132.19.141
418,Kerwin,Brunroth,kbrunrothbl@sourceforge.net,Male,35.222.145.254
419,Mikel,Gores,mgoresbm@kickstarter.com,Male,16.74.15.22
420,Travis,Andriesse,tandriessebn@shinystat.com,Male,151.161.54.170
421,Jessey,Milbank,jmilbankbo@networkadvertising.org,Male,230.61.33.62
422,Vladimir,Priddey,vpriddeybp@msu.edu,Male,50.38.82.202
423,Moina,Kiffe,mkiffebq@gravatar.com,Female,50.42.167.188
424,Silvan,Udie,sudiebr@seesaa.net,Male,81.50.120.49
425,Linn,Brocklebank,lbrocklebankbs@zdnet.com,Male,185.103.210.225
426,Shirley,Kellart,skellartbt@sciencedaily.com,Female,244.1.66.48
427,Louise,Gwyneth,lgwynethbu@intel.com,Female,247.144.133.66
428,Arv,Florez,aflorezbv@newsvine.com,Male,128.47.126.88
429,Davis,Exton,dextonbw@walmart.com,Male,7.229.225.119
430,Duane,McCullen,dmccullenbx@ed.gov,Male,160.234.233.139
431,Farra,Butcher,fbutcherby@springer.com,Female,132.106.238.104
432,Pierce,Nield,pnieldbz@netvibes.com,Male,14.180.98.188
433,Broddy,Fylan,bfylanc0@wunderground.com,Male,127.175.130.171
434,Augy,Toomey,atoomeyc1@pcworld.com,Male,53.6.250.97
435,Dot,Balasin,dbalasinc2@ustream.tv,Female,28.161.126.79
436,Dinah,Fahy,dfahyc3@nasa.gov,Female,110.214.253.66
437,Pandora,Chatfield,pchatfieldc4@cmu.edu,Female,175.231.26.83
438,Culley,Kegan,ckeganc5@aol.com,Male,12.58.240.154
439,Ban,Tottman,btottmanc6@amazon.co.jp,Male,113.252.152.18
440,Dulcine,Bolter,dbolterc7@lycos.com,Female,130.120.36.131
441,Gaile,Westraw,gwestrawc8@home.pl,Male,186.218.215.136
442,Ali,Burness,aburnessc9@businessinsider.com,Male,76.6.242.194
443,Anita,Remer,aremerca@about.me,Female,166.153.34.205
444,Katharina,Joincey,kjoinceycb@netlog.com,Female,235.233.219.173
445,Merrel,Brogan,mbrogancc@wikispaces.com,Male,231.39.180.69
446,Arther,Adkins,aadkinscd@blog.com,Male,222.199.145.28
447,Shirlene,Strettell,sstrettellce@jigsy.com,Female,69.239.242.97
448,Conny,Purrington,cpurringtoncf@google.com,Female,5.103.6.243
449,Loise,Outibridge,loutibridgecg@tumblr.com,Female,233.34.143.4
450,Isador,Scandwright,iscandwrightch@uiuc.edu,Male,5.157.42.179
451,Pierre,Sobtka,psobtkaci@army.mil,Male,248.150.244.49
452,Robbert,Tappin,rtappincj@altervista.org,Male,219.85.101.68
453,Sybyl,Coldbathe,scoldbatheck@yandex.ru,Female,25.77.74.134
454,Basia,Dunbobbin,bdunbobbincl@pcworld.com,Female,54.253.81.25
455,Birch,Edens,bedenscm@diigo.com,Male,139.250.11.60
456,Abner,Danielkiewicz,adanielkiewiczcn@infoseek.co.jp,Male,220.144.165.250
457,Douglas,Boutcher,dboutcherco@discovery.com,Male,140.199.23.124
458,Iggie,Thwaites,ithwaitescp@mysql.com,Male,254.156.182.8
459,Nelie,Pringell,npringellcq@delicious.com,Female,249.131.235.164
460,Bogart,Waye,bwayecr@miibeian.gov.cn,Male,117.112.146.9
461,Dallas,Adlard,dadlardcs@buzzfeed.com,Female,86.115.9.188
462,Gloriana,Killiner,gkillinerct@gov.uk,Female,88.134.234.4
463,Rouvin,Balfre,rbalfrecu@about.com,Male,102.152.230.236
464,Dorian,Hebbs,dhebbscv@joomla.org,Male,178.100.61.169
465,Betti,Newbigging,bnewbiggingcw@princeton.edu,Female,0.188.157.125
466,Torrey,Spriggin,tspriggincx@fc2.com,Male,53.207.89.126
467,Nanette,Coggon,ncoggoncy@naver.com,Female,173.82.233.126
468,Kelvin,Sidebottom,ksidebottomcz@geocities.jp,Male,238.66.252.203
469,Binky,Aird,bairdd0@blogs.com,Male,70.95.170.9
470,Brianne,McPhail,bmcphaild1@blogger.com,Female,195.224.89.57
471,Whitman,Koppke,wkoppked2@ning.com,Male,181.81.221.199
472,Ophelie,Austick,oaustickd3@virginia.edu,Female,192.95.29.247
473,Allie,Lindstedt,alindstedtd4@cafepress.com,Female,49.181.190.50
474,Daisy,Sexti,dsextid5@xing.com,Female,108.46.171.14
475,Valentine,Haldene,vhaldened6@sciencedirect.com,Female,59.73.229.223
476,Ekaterina,MacQuist,emacquistd7@phpbb.com,Female,163.60.189.108
477,Ciel,Isakovic,cisakovicd8@jigsy.com,Female,222.11.98.82
478,Normie,Mason,nmasond9@pen.io,Male,179.22.161.135
479,Constantino,Moretto,cmorettoda@multiply.com,Male,169.29.103.54
480,Luciano,Arnaud,larnauddb@dropbox.com,Male,235.26.58.66
481,Adan,Bulcroft,abulcroftdc@unblog.fr,Male,192.9.43.162
482,Leanora,Knobell,lknobelldd@netlog.com,Female,102.1.149.12
483,Caleb,Willatt,cwillattde@netlog.com,Male,112.139.29.252
484,Gavra,Domerque,gdomerquedf@adobe.com,Female,102.46.247.24
485,Gerard,Wasteney,gwasteneydg@hibu.com,Male,226.167.78.35
486,Alejoa,Pfaffe,apfaffedh@dyndns.org,Male,125.83.0.0
487,Carey,Parres,cparresdi@pbs.org,Female,146.100.19.27
488,Daren,McKague,dmckaguedj@bloomberg.com,Male,73.253.103.234
489,Linn,Mayhow,lmayhowdk@newsvine.com,Male,169.178.98.52
490,Rubi,Tweed,rtweeddl@timesonline.co.uk,Female,229.19.205.207
491,Dierdre,Curnock,dcurnockdm@dmoz.org,Female,34.219.184.122
492,Arman,Alfonsini,aalfonsinidn@tuttocitta.it,Male,186.35.193.137
493,Janella,Harce,jharcedo@yale.edu,Female,23.117.231.211
494,Roobbie,Thamelt,rthameltdp@bbc.co.uk,Female,222.134.169.223
495,Sascha,Morl,smorldq@pbs.org,Male,236.61.3.67
496,Corene,Scholar,cscholardr@purevolume.com,Female,100.125.232.222
497,Daryl,Rentalll,drentalllds@gnu.org,Male,87.105.119.64
498,Randall,Disbrey,rdisbreydt@live.com,Male,11.175.138.188
499,Herby,Alexis,halexisdu@51.la,Male,31.123.238.62
500,Devin,Emett,demettdv@reddit.com,Male,223.186.125.110
501,Aurore,Nulty,anultydw@ustream.tv,Female,17.183.100.178
502,Jordain,Oxford,joxforddx@wikispaces.com,Female,236.175.97.244
503,Gaspar,Barthropp,gbarthroppdy@cyberchimps.com,Male,241.60.158.236
504,Con,Kopelman,ckopelmandz@irs.gov,Female,195.255.209.147
505,Leopold,Mayte,lmaytee0@vkontakte.ru,Male,149.62.35.34
506,Morten,Beavan,mbeavane1@infoseek.co.jp,Male,74.56.155.60
507,Geneva,Alvis,galvise2@archive.org,Female,242.150.91.252
508,Boot,Reisen,breisene3@squidoo.com,Male,213.157.97.141
509,Brett,Livard,blivarde4@webeden.co.uk,Male,45.146.79.21
510,Juana,Flippini,jflippinie5@dmoz.org,Female,224.180.20.79
511,Rosalind,Driscoll,rdriscolle6@jalbum.net,Female,239.6.242.179
512,Leonora,Balston,lbalstone7@deliciousdays.com,Female,185.3.126.108
513,Mervin,O'Kerin,mokerine8@barnesandnoble.com,Male,68.90.95.85
514,Braden,Oleksiak,boleksiake9@4shared.com,Male,35.129.80.20
515,Bernie,Levington,blevingtonea@ifeng.com,Male,222.94.134.112
516,Layton,Farncombe,lfarncombeeb@hostgator.com,Male,194.196.193.255
517,Joshuah,Wight,jwightec@angelfire.com,Male,116.59.124.84
518,Brandyn,Smorthit,bsmorthited@cnbc.com,Male,70.156.9.127
519,Dolores,MacKaig,dmackaigee@squarespace.com,Female,228.232.200.54
520,Shawnee,Buckenhill,sbuckenhillef@amazon.de,Female,121.182.216.40
521,Camile,Mogford,cmogfordeg@unblog.fr,Female,12.169.24.220
522,Mitzi,Haggish,mhaggisheh@exblog.jp,Female,102.255.246.173
523,Marcelo,Miskimmon,mmiskimmonei@dmoz.org,Male,29.147.17.179
524,Leicester,Stelljes,lstelljesej@devhub.com,Male,187.126.219.189
525,Byrann,Nilles,bnillesek@geocities.com,Male,235.143.121.48
526,Jourdain,Sheara,jshearael@sogou.com,Male,60.29.245.40
527,Tab,Dudley,tdudleyem@walmart.com,Male,232.137.159.192
528,Farris,Kirsopp,fkirsoppen@businesswire.com,Male,88.239.251.98
529,Barnett,Benedick,bbenedickeo@discovery.com,Male,77.203.243.45
530,Broddie,Dimberline,bdimberlineep@bizjournals.com,Male,5.160.143.182
531,Myranda,Nesfield,mnesfieldeq@ftc.gov,Female,205.228.73.101
532,Suzette,Ballchin,sballchiner@alexa.com,Female,249.136.94.210
533,Dolli,Pickworth,dpickworthes@macromedia.com,Female,169.127.231.70
534,Bobette,Raymont,braymontet@51.la,Female,159.15.150.27
535,Harmonia,Eglin,heglineu@blogtalkradio.com,Female,137.131.8.51
536,Clint,Hoston,chostonev@shinystat.com,Male,100.182.6.196
537,Dugald,Roycroft,droycroftew@google.ca,Male,78.171.230.139
538,Isabel,Toman,itomanex@eventbrite.com,Female,200.75.161.136
539,Deb,Monelli,dmonelliey@home.pl,Female,106.111.6.233
540,Jayson,Ebbotts,jebbottsez@intel.com,Male,40.32.232.240
541,Dora,Sutherland,dsutherlandf0@nsw.gov.au,Female,5.82.36.40
542,Cirillo,Lasham,clashamf1@vistaprint.com,Male,197.100.80.191
543,Aldridge,Longstaffe,alongstaffef2@bing.com,Male,52.114.15.167
544,Salim,Mallison,smallisonf3@ning.com,Male,46.122.50.67
545,Edgardo,Stowell,estowellf4@sakura.ne.jp,Male,125.14.78.70
546,Dukey,Zanassi,dzanassif5@cnn.com,Male,168.135.234.237
547,Lyman,June,ljunef6@skyrock.com,Male,94.150.67.191
548,Abbe,Dogg,adoggf7@unicef.org,Female,9.31.8.188
549,Borden,Venney,bvenneyf8@google.ru,Male,25.206.72.186
550,Eyde,Olczak,eolczakf9@yellowpages.com,Female,77.85.44.82
551,Udale,Megarry,umegarryfa@wordpress.com,Male,225.1.46.81
552,Mikael,Dahle,mdahlefb@nps.gov,Male,212.157.222.234
553,Anna-diane,Sacks,asacksfc@hubpages.com,Female,245.54.121.162
554,Shelley,Ciepluch,sciepluchfd@gravatar.com,Female,119.165.149.183
555,Iain,Fidal,ifidalfe@who.int,Male,126.168.159.198
556,Tiphany,Stranaghan,tstranaghanff@imgur.com,Female,203.197.122.108
557,Kiri,Ambrus,kambrusfg@uol.com.br,Female,8.135.235.134
558,Ginny,Klejna,gklejnafh@cpanel.net,Female,29.78.193.233
559,Alfonse,Tunbridge,atunbridgefi@ca.gov,Male,138.64.21.26
560,Hubie,Strauss,hstraussfj@webnode.com,Male,135.141.186.169
561,Dacie,Bendson,dbendsonfk@squarespace.com,Female,129.160.19.114
562,Sherie,Longstaff,slongstafffl@indiegogo.com,Female,115.214.182.156
563,Dorotea,Pentecust,dpentecustfm@columbia.edu,Female,0.254.215.236
564,Geri,Nolleth,gnollethfn@wiley.com,Male,77.10.182.191
565,Tootsie,Overel,toverelfo@ask.com,Female,51.13.69.84
566,Candace,Pawlaczyk,cpawlaczykfp@apple.com,Female,74.90.191.13
567,Marten,Ridings,mridingsfq@discuz.net,Male,174.104.170.56
568,Elliott,Spiteri,espiterifr@seesaa.net,Male,175.98.144.89
569,Port,Stonall,pstonallfs@i2i.jp,Male,193.198.199.123
570,Sonny,Blann,sblannft@issuu.com,Female,212.245.158.106
571,Gigi,Lapley,glapleyfu@state.tx.us,Female,127.86.123.155
572,Benito,Redish,bredishfv@loc.gov,Male,140.126.130.103
573,Kimmy,Beaushaw,kbeaushawfw@linkedin.com,Female,213.182.103.43
574,Maxie,Amiss,mamissfx@harvard.edu,Male,188.161.230.231
575,Wiley,Dartnall,wdartnallfy@npr.org,Male,56.97.186.23
576,Ninnetta,Khomich,nkhomichfz@cloudflare.com,Female,82.190.226.74
577,Emogene,Ridout,eridoutg0@dailymotion.com,Female,18.79.190.227
578,Gus,Stembridge,gstembridgeg1@abc.net.au,Female,141.170.158.226
579,Cecile,Boggon,cboggong2@washington.edu,Female,20.142.129.212
580,Catina,Atwood,catwoodg3@dedecms.com,Female,0.77.148.48
581,Anica,Brook,abrookg4@pinterest.com,Female,254.154.111.167
582,Rozalin,Bhar,rbharg5@marketwatch.com,Female,148.101.168.75
583,Katya,Stallion,kstalliong6@twitter.com,Female,194.114.202.67
584,Danice,Danaher,ddanaherg7@ehow.com,Female,182.108.228.144
585,Enrico,Payle,epayleg8@blogspot.com,Male,202.27.231.255
586,Monro,Rief,mriefg9@hibu.com,Male,19.178.217.142
587,Kaycee,Luthwood,kluthwoodga@live.com,Female,16.109.27.189
588,Grove,Ghirardi,gghirardigb@oakley.com,Male,188.159.6.132
589,Friedrick,Labuschagne,flabuschagnegc@examiner.com,Male,186.0.165.119
590,Ellis,Kirstein,ekirsteingd@squidoo.com,Male,209.183.195.219
591,Clyve,Tawn,ctawnge@geocities.jp,Male,66.115.145.2
592,Aurel,Scandrick,ascandrickgf@amazon.com,Female,20.70.4.188
593,Ketti,Jarred,kjarredgg@icio.us,Female,72.90.52.93
594,Natividad,Coppo,ncoppogh@discuz.net,Female,71.215.155.220
595,Jeanette,Weiner,jweinergi@marriott.com,Female,174.189.224.165
596,Terencio,Knottley,tknottleygj@blogs.com,Male,180.157.211.169
597,Stesha,Endrighi,sendrighigk@shinystat.com,Female,107.66.105.148
598,Vite,Durham,vdurhamgl@loc.gov,Male,242.190.1.238
599,Harriette,Albertson,halbertsongm@booking.com,Female,88.15.65.168
600,Hort,Henker,hhenkergn@rakuten.co.jp,Male,89.108.214.37
601,Travus,Feaveryear,tfeaveryeargo@biglobe.ne.jp,Male,119.67.142.154
602,Buddie,Coytes,bcoytesgp@dot.gov,Male,162.151.144.2
603,Adore,Yellowley,ayellowleygq@dailymail.co.uk,Female,93.155.59.108
604,Sydney,Sambiedge,ssambiedgegr@independent.co.uk,Female,211.234.185.56
605,Tilly,Pickhaver,tpickhavergs@cloudflare.com,Female,86.178.78.186
606,Hort,Torresi,htorresigt@jimdo.com,Male,192.211.23.25
607,Rachelle,Megahey,rmegaheygu@hibu.com,Female,234.50.168.93
608,Griff,Keitch,gkeitchgv@tinypic.com,Male,232.14.86.77
609,Elvin,Thorald,ethoraldgw@goodreads.com,Male,113.25.50.203
610,Marvin,Sainer,msainergx@ask.com,Male,171.24.229.18
611,Shaw,Willavize,swillavizegy@myspace.com,Male,205.19.2.207
612,Danita,Snelgar,dsnelgargz@webeden.co.uk,Female,223.247.53.175
613,Cherish,Seine,cseineh0@msu.edu,Female,19.90.245.127
614,Melony,Van Daalen,mvandaalenh1@over-blog.com,Female,190.253.131.118
615,Arlette,Linthead,alintheadh2@europa.eu,Female,57.49.34.135
616,Shelley,Quinney,squinneyh3@economist.com,Female,197.48.110.188
617,Johanna,Matousek,jmatousekh4@rambler.ru,Female,55.188.196.86
618,Roth,Adanez,radanezh5@arstechnica.com,Male,210.106.141.164
619,Mike,Petkovic,mpetkovich6@cmu.edu,Male,53.50.39.63
620,Flore,Sleightholme,fsleightholmeh7@mlb.com,Female,155.64.185.83
621,Man,Yandell,myandellh8@tinypic.com,Male,167.186.194.21
622,Linc,Addicott,laddicotth9@artisteer.com,Male,125.52.191.124
623,Wilfrid,O'Monahan,womonahanha@theguardian.com,Male,148.176.166.186
624,Muffin,Pohls,mpohlshb@aboutads.info,Female,76.195.168.52
625,Tina,Rown,trownhc@shareasale.com,Female,16.36.231.239
626,Jess,Dragge,jdraggehd@networkadvertising.org,Male,241.164.56.197
627,Nerti,Cresser,ncresserhe@spiegel.de,Female,134.111.229.107
628,Yard,Bramsom,ybramsomhf@discovery.com,Male,222.54.202.55
629,Read,Giscken,rgisckenhg@ameblo.jp,Male,140.158.191.70
630,Cathlene,Godsafe,cgodsafehh@feedburner.com,Female,96.190.85.144
631,Tessy,Hamprecht,thamprechthi@pen.io,Female,24.85.107.122
632,Iorgos,Arniz,iarnizhj@oaic.gov.au,Male,254.146.71.96
633,Rab,Faivre,rfaivrehk@netscape.com,Male,150.157.102.8
634,Dorothee,Heis,dheishl@oakley.com,Female,189.103.120.111
635,Nanni,Spellissy,nspellissyhm@auda.org.au,Female,253.130.166.45
636,Krystal,Jurek,kjurekhn@studiopress.com,Female,75.21.107.172
637,Ursula,Gorsse,ugorsseho@t.co,Female,65.218.210.66
638,Wynn,Candy,wcandyhp@dagondesign.com,Male,104.163.85.87
639,Burlie,McNish,bmcnishhq@slashdot.org,Male,201.229.135.25
640,Trina,Szymonwicz,tszymonwiczhr@miibeian.gov.cn,Female,25.129.88.20
641,Candra,Shaefer,cshaeferhs@princeton.edu,Female,227.140.113.44
642,Emiline,Oulner,eoulnerht@surveymonkey.com,Female,87.79.157.246
643,Georg,Jurgensen,gjurgensenhu@disqus.com,Male,53.144.118.230
644,Harriet,Di Francesco,hdifrancescohv@elpais.com,Female,144.127.69.1
645,Urbano,Mandre,umandrehw@dropbox.com,Male,44.67.124.152
646,Bron,Sacchetti,bsacchettihx@msu.edu,Male,211.115.199.56
647,Sonni,Ashe,sashehy@com.com,Female,232.189.223.57
648,Barry,Matfield,bmatfieldhz@webs.com,Female,164.177.126.175
649,Leonie,Watkiss,lwatkissi0@abc.net.au,Female,152.11.230.240
650,Jaye,Marson,jmarsoni1@blinklist.com,Male,8.217.154.167
651,Colline,Boobier,cboobieri2@photobucket.com,Female,40.46.86.46
652,Devy,Lucius,dluciusi3@arizona.edu,Male,180.254.126.200
653,Hamel,McGillicuddy,hmcgillicuddyi4@goo.gl,Male,177.159.11.206
654,Foss,Kiljan,fkiljani5@phoca.cz,Male,78.40.217.136
655,Dina,Tomich,dtomichi6@drupal.org,Female,10.167.28.248
656,Josey,Oen,joeni7@si.edu,Female,52.15.242.41
657,Ryun,Darley,rdarleyi8@buzzfeed.com,Male,219.84.182.104
658,Jaime,Stovell,jstovelli9@jugem.jp,Female,89.53.197.24
659,Galven,Rockingham,grockinghamia@discuz.net,Male,96.154.3.24
660,Myrna,Tyrwhitt,mtyrwhittib@shutterfly.com,Female,79.170.211.68
661,Homer,Petroselli,hpetroselliic@earthlink.net,Male,242.206.163.112
662,Alfy,Gudgin,agudginid@hao123.com,Male,164.252.122.150
663,Vidovic,Thrasher,vthrasherie@europa.eu,Male,209.92.253.122
664,Natasha,Cobain,ncobainif@diigo.com,Female,79.26.211.7
665,Raphael,Maus,rmausig@auda.org.au,Male,46.52.163.191
666,Charmane,Ewert,cewertih@berkeley.edu,Female,126.167.50.244
667,Wini,Grube,wgrubeii@omniture.com,Female,92.124.61.87
668,Mord,Jackman,mjackmanij@tuttocitta.it,Male,251.2.28.179
669,Alaster,Lovatt,alovattik@nba.com,Male,169.107.171.60
670,Randal,Bairnsfather,rbairnsfatheril@altervista.org,Male,145.3.19.215
671,Jeffie,Eynald,jeynaldim@hhs.gov,Male,91.98.203.44
672,Kerr,Spieght,kspieghtin@dot.gov,Male,169.215.135.206
673,Tyne,Sutworth,tsutworthio@sciencedirect.com,Female,17.149.25.249
674,Wadsworth,Salthouse,wsalthouseip@wikia.com,Male,202.245.139.72
675,Callida,Halford,chalfordiq@multiply.com,Female,113.142.225.230
676,Waverley,Lundbeck,wlundbeckir@1688.com,Male,13.178.50.12
677,Niven,Denyakin,ndenyakinis@mit.edu,Male,190.77.139.45
678,Gaven,Pope,gpopeit@opensource.org,Male,247.217.196.219
679,Prentice,Doy,pdoyiu@comsenz.com,Male,32.154.83.82
680,Shaun,Morrice,smorriceiv@reddit.com,Male,187.188.174.104
681,Ludwig,Cronkshaw,lcronkshawiw@themeforest.net,Male,16.184.18.154
682,Durante,Greeve,dgreeveix@bbb.org,Male,43.73.123.205
683,Val,Wiper,vwiperiy@amazon.com,Male,99.118.215.168
684,Jared,Cafe,jcafeiz@technorati.com,Male,194.78.35.6
685,Fredia,Plumm,fplummj0@archive.org,Female,2.80.190.74
686,Nathalie,Walworth,nwalworthj1@bbc.co.uk,Female,216.63.64.51
687,Sibeal,Saing,ssaingj2@cnet.com,Female,123.249.177.103
688,Joell,Gravells,jgravellsj3@cafepress.com,Female,69.165.107.43
689,Abdel,Pehrsson,apehrssonj4@furl.net,Male,83.4.74.198
690,Kimmie,Chettle,kchettlej5@skype.com,Female,31.245.130.169
691,Saleem,Lax,slaxj6@nationalgeographic.com,Male,164.216.29.222
692,Audie,Saunt,asauntj7@alibaba.com,Female,157.214.12.174
693,Gideon,Maleby,gmalebyj8@bloglines.com,Male,239.224.35.149
694,Loydie,Gandy,lgandyj9@patch.com,Male,142.102.86.229
695,Walker,Syde,wsydeja@twitter.com,Male,148.150.252.191
696,Augustina,Tredger,atredgerjb@go.com,Female,65.205.26.58
697,Gusella,Cogar,gcogarjc@harvard.edu,Female,16.77.129.202
698,Elva,Serjeant,eserjeantjd@go.com,Female,80.226.76.215
699,Bessy,Taffrey,btaffreyje@godaddy.com,Female,72.142.6.18
700,Irma,Bisseker,ibissekerjf@google.com.au,Female,197.144.20.8
701,Brianne,Jiru,bjirujg@stumbleupon.com,Female,30.252.189.56
702,Allin,Lundy,alundyjh@amazon.co.jp,Male,149.157.255.252
703,Artair,Dell Casa,adellcasaji@typepad.com,Male,64.103.109.55
704,Tanney,Mitchinson,tmitchinsonjj@slideshare.net,Male,179.119.67.218
705,Cherice,Francesc,cfrancescjk@wired.com,Female,181.118.3.223
706,Seymour,Bough,sboughjl@usnews.com,Male,170.0.35.74
707,Judith,Giddins,jgiddinsjm@sitemeter.com,Female,166.189.49.145
708,Audy,Carlino,acarlinojn@japanpost.jp,Female,209.246.224.144
709,Danya,Fullerd,dfullerdjo@hatena.ne.jp,Male,240.80.23.110
710,Samson,Radborne,sradbornejp@yale.edu,Male,117.118.153.249
711,Alisander,McLenahan,amclenahanjq@adobe.com,Male,1.147.141.111
712,Ardella,Tumayan,atumayanjr@usgs.gov,Female,7.240.141.189
713,Andrea,Alden,aaldenjs@prlog.org,Female,25.33.130.142
714,Issie,Coverley,icoverleyjt@nba.com,Female,203.5.108.145
715,Cairistiona,Thornewell,cthornewellju@bing.com,Female,213.55.111.252
716,Brien,Friedlos,bfriedlosjv@webeden.co.uk,Male,60.8.49.99
717,Paulo,Farloe,pfarloejw@flickr.com,Male,24.50.247.44
718,Corbie,Colnett,ccolnettjx@mac.com,Male,30.244.211.128
719,Tobiah,McIlvenny,tmcilvennyjy@trellian.com,Male,29.9.230.158
720,Ellary,Halbord,ehalbordjz@forbes.com,Male,43.67.92.28
721,Corbet,Lethley,clethleyk0@nih.gov,Male,133.248.191.17
722,Zelma,Mulcahy,zmulcahyk1@mtv.com,Female,95.87.61.33
723,Herve,Fairn,hfairnk2@phoca.cz,Male,239.212.160.188
724,Odelle,Hazeman,ohazemank3@ted.com,Female,1.229.81.103
725,Cariotta,Sandyford,csandyfordk4@feedburner.com,Female,230.118.39.105
726,Adeline,Selvester,aselvesterk5@alibaba.com,Female,149.227.172.151
727,Robby,Lambert,rlambertk6@engadget.com,Female,224.9.138.128
728,Lenci,Neesham,lneeshamk7@arizona.edu,Male,53.187.184.161
729,Honor,Castaner,hcastanerk8@vkontakte.ru,Female,152.167.7.222
730,Kristy,Figure,kfigurek9@dailymotion.com,Female,231.69.198.6
731,Edith,Marrow,emarrowka@pagesperso-orange.fr,Female,186.220.59.37
732,Elsi,Talmadge,etalmadgekb@cam.ac.uk,Female,124.196.153.29
733,Mallissa,Molder,mmolderkc@deviantart.com,Female,9.50.167.202
734,Niel,Pope,npopekd@timesonline.co.uk,Male,179.45.206.216
735,Brynn,Hastings,bhastingske@shutterfly.com,Female,197.205.229.23
736,Trudi,Dell Casa,tdellcasakf@scribd.com,Female,201.168.114.61
737,Ferrell,O'Shields,foshieldskg@dagondesign.com,Male,175.155.43.221
738,Carleen,Greenan,cgreenankh@rakuten.co.jp,Female,6.231.151.219
739,Roxie,Siemon,rsiemonki@sohu.com,Female,26.198.61.191
740,Corey,Brookesbie,cbrookesbiekj@nature.com,Female,54.68.57.79
741,Chrysler,Talby,ctalbykk@shareasale.com,Female,180.212.19.121
742,Francklin,Haith,fhaithkl@nytimes.com,Male,175.123.75.86
743,Laurianne,Andrzejewski,landrzejewskikm@dailymotion.com,Female,123.199.127.176
744,Arin,Babcock,ababcockkn@imdb.com,Male,62.71.99.241
745,Lotta,Nethercott,lnethercottko@sfgate.com,Female,251.190.130.254
746,Charlie,Kenchington,ckenchingtonkp@howstuffworks.com,Male,64.249.21.20
747,Jermayne,Callen,jcallenkq@mediafire.com,Male,14.142.147.16
748,Phillida,Gloyens,pgloyenskr@godaddy.com,Female,212.146.55.224
749,Lorelei,Wason,lwasonks@techcrunch.com,Female,95.119.251.87
750,Fredek,Plait,fplaitkt@soup.io,Male,85.85.25.153
751,Reamonn,Edgell,redgellku@opera.com,Male,28.152.208.216
752,Lenee,De Mico,ldemicokv@rambler.ru,Female,129.112.132.30
753,Johannes,Palmby,jpalmbykw@thetimes.co.uk,Male,35.217.34.139
754,Flory,Segge,fseggekx@google.com.hk,Female,234.208.27.90
755,Leora,Efford,leffordky@mtv.com,Female,212.206.234.151
756,Irvine,Dayes,idayeskz@cafepress.com,Male,102.0.179.197
757,Donnie,Doull,ddoulll0@scientificamerican.com,Male,73.207.69.120
758,Hyman,Yglesia,hyglesial1@opensource.org,Male,70.125.234.213
759,Elisabetta,Junkinson,ejunkinsonl2@homestead.com,Female,49.177.51.200
760,Griffy,Glave,gglavel3@hhs.gov,Male,92.137.130.71
761,Rivy,Franca,rfrancal4@senate.gov,Female,59.82.121.84
762,Bale,MacKimmie,bmackimmiel5@businessweek.com,Male,49.43.138.90
763,Lorne,Nijs,lnijsl6@mozilla.org,Male,93.120.199.108
764,Ddene,Esby,desbyl7@squarespace.com,Female,66.157.105.140
765,Egon,Brodnecke,ebrodneckel8@blogspot.com,Male,90.125.157.253
766,Mavra,Batham,mbathaml9@fc2.com,Female,138.139.131.215
767,Bobbie,Yuryev,byuryevla@cdbaby.com,Male,10.13.97.125
768,Kirstin,Hinks,khinkslb@walmart.com,Female,87.181.174.171
769,Iolande,Powelee,ipoweleelc@cdbaby.com,Female,120.81.145.83
770,Jaimie,Saurat,jsauratld@blogs.com,Female,189.67.25.212
771,Dorian,Lorryman,dlorrymanle@photobucket.com,Male,117.24.227.10
772,Joyous,Greig,jgreiglf@statcounter.com,Female,221.29.52.104
773,Arlen,Sibyllina,asibyllinalg@etsy.com,Female,44.126.34.138
774,Dew,Ruoff,druofflh@github.io,Male,170.12.64.220
775,Rudolph,Simkin,rsimkinli@discuz.net,Male,50.9.113.213
776,Felicdad,Bretton,fbrettonlj@usgs.gov,Female,207.180.245.71
777,Kennith,Abberley,kabberleylk@kickstarter.com,Male,218.226.192.190
778,Cary,Hotchkin,chotchkinll@nyu.edu,Female,152.122.135.214
779,Wayne,Gaukroger,wgaukrogerlm@taobao.com,Male,31.46.107.204
780,Teresina,Harburtson,tharburtsonln@twitpic.com,Female,80.19.29.1
781,Chandal,Brockett,cbrockettlo@microsoft.com,Female,116.157.21.41
782,Giustino,Aslum,gaslumlp@amazon.com,Male,24.230.191.253
783,Omero,Piwall,opiwalllq@biglobe.ne.jp,Male,168.98.189.58
784,Blayne,Veldens,bveldenslr@twitter.com,Male,53.254.104.215
785,Lexy,Rissom,lrissomls@nbcnews.com,Female,129.188.55.139
786,Grannie,Tucker,gtuckerlt@lulu.com,Male,240.101.209.134
787,Dode,Blaskett,dblaskettlu@nature.com,Female,110.244.192.25
788,Cami,Sumpner,csumpnerlv@printfriendly.com,Female,66.5.245.205
789,Tabbitha,Roseburgh,troseburghlw@cloudflare.com,Female,213.137.102.137
790,Jaymie,Swatheridge,jswatheridgelx@spiegel.de,Male,17.44.235.223
791,Dyna,Fenwick,dfenwickly@fotki.com,Female,189.194.131.148
792,Sidney,Kienzle,skienzlelz@mapy.cz,Male,222.41.2.31
793,Jori,Smerdon,jsmerdonm0@bandcamp.com,Female,143.231.146.123
794,Bondon,Dobinson,bdobinsonm1@addtoany.com,Male,7.104.237.62
795,Tibold,Steadman,tsteadmanm2@sina.com.cn,Male,252.49.76.213
796,Pearla,Arntzen,parntzenm3@theglobeandmail.com,Female,54.154.147.102
797,Rebekah,Sellek,rsellekm4@addtoany.com,Female,186.45.4.181
798,Sonia,Carnihan,scarnihanm5@printfriendly.com,Female,88.43.254.121
799,Bel,Rendle,brendlem6@mit.edu,Female,76.154.154.134
800,Jeth,Inchan,jinchanm7@sogou.com,Male,136.22.9.114
801,Jacqueline,Hay,jhaym8@hud.gov,Female,58.138.202.148
802,Timmy,Hullyer,thullyerm9@google.co.uk,Male,57.153.194.212
803,Chandal,Robertazzi,crobertazzima@nasa.gov,Female,162.236.244.208
804,Farly,Cannaway,fcannawaymb@goodreads.com,Male,232.32.48.126
805,Burgess,De Mattei,bdematteimc@ibm.com,Male,214.0.18.37
806,Marlon,Rylance,mrylancemd@un.org,Male,199.113.102.169
807,Casar,O'Shaughnessy,coshaughnessyme@imageshack.us,Male,142.13.158.55
808,Nellie,Shea,nsheamf@aol.com,Female,76.62.250.6
809,Fred,Ewdale,fewdalemg@chronoengine.com,Male,148.72.213.137
810,Gare,Doyle,gdoylemh@goo.gl,Male,139.195.135.187
811,Murvyn,Secker,mseckermi@aboutads.info,Male,65.168.244.52
812,Kathryn,Dibdin,kdibdinmj@nifty.com,Female,3.52.254.75
813,Inez,Le Floch,ileflochmk@vk.com,Female,99.12.167.223
814,Tess,Nottingham,tnottinghamml@google.es,Female,109.13.220.155
815,Boniface,Tabbernor,btabbernormm@spotify.com,Male,94.46.241.0
816,Osbourne,Kaygill,okaygillmn@about.me,Male,74.212.90.250
817,Fiorenze,Blaby,fblabymo@fc2.com,Female,254.95.212.35
818,Tirrell,Poon,tpoonmp@tumblr.com,Male,192.58.140.156
819,Raffaello,Tidman,rtidmanmq@stanford.edu,Male,120.235.52.1
820,Katharina,Golthorpp,kgolthorppmr@technorati.com,Female,212.103.210.72
821,Josiah,Barfoot,jbarfootms@economist.com,Male,108.47.205.88
822,Mose,Purcell,mpurcellmt@shop-pro.jp,Male,118.10.102.43
823,Willem,Fortesquieu,wfortesquieumu@goo.gl,Male,20.143.69.38
824,Clementine,Wharin,cwharinmv@census.gov,Female,53.21.42.49
825,Nanny,Solley,nsolleymw@google.co.uk,Female,204.129.52.120
826,Devinne,Mila,dmilamx@ed.gov,Female,133.31.126.243
827,Cy,Baugh,cbaughmy@amazon.com,Male,244.181.23.53
828,Sophey,Joul,sjoulmz@nature.com,Female,12.236.75.119
829,Penni,Dilliway,pdilliwayn0@ask.com,Female,31.153.198.144
830,Rainer,Ealam,realamn1@skype.com,Male,255.182.35.192
831,Flossi,Himpson,fhimpsonn2@odnoklassniki.ru,Female,58.191.68.214
832,Harli,Rickasse,hrickassen3@joomla.org,Female,126.20.208.82
833,Goran,Rose,grosen4@nature.com,Male,101.254.235.223
834,Maurizia,Bodycomb,mbodycombn5@addtoany.com,Female,164.204.251.76
835,Sandye,Coleford,scolefordn6@businesswire.com,Female,65.78.118.130
836,Waylin,Cosin,wcosinn7@furl.net,Male,72.38.87.152
837,Griffy,Dumbare,gdumbaren8@usnews.com,Male,229.153.249.149
838,Colver,Gamble,cgamblen9@google.com.br,Male,184.56.202.166
839,Dane,Brocket,dbrocketna@admin.ch,Male,57.127.51.144
840,Louella,Buer,lbuernb@tuttocitta.it,Female,144.47.61.230
841,Sue,Thor,sthornc@census.gov,Female,98.39.109.64
842,Jard,Parnaby,jparnabynd@youku.com,Male,122.113.14.124
843,Corty,Turfrey,cturfreyne@bloglines.com,Male,167.123.196.87
844,Veronique,McCart,vmccartnf@goo.gl,Female,58.165.99.82
845,Kiersten,Heartfield,kheartfieldng@apple.com,Female,136.143.254.228
846,Zita,Schutter,zschutternh@usda.gov,Female,88.145.200.219
847,Brit,Seide,bseideni@sohu.com,Male,60.0.95.226
848,Karlyn,Poveleye,kpoveleyenj@jugem.jp,Female,29.167.34.236
849,Ilse,Allom,iallomnk@washington.edu,Female,143.138.110.100
850,Sutherlan,Lowton,slowtonnl@washington.edu,Male,211.103.153.250
851,Carney,Robelin,crobelinnm@redcross.org,Male,158.30.62.122
852,Grantley,Ohlsen,gohlsennn@instagram.com,Male,148.166.135.59
853,Taddeusz,Billo,tbillono@prweb.com,Male,171.193.59.63
854,Eduardo,Maddigan,emaddigannp@tinypic.com,Male,195.44.0.41
855,Kenny,Hallagan,khallagannq@netvibes.com,Male,201.175.163.25
856,Berti,Wasiel,bwasielnr@mail.ru,Female,202.152.202.18
857,Cicely,Hache,chachens@latimes.com,Female,107.83.63.170
858,Vlad,Rockwill,vrockwillnt@addthis.com,Male,72.37.239.155
859,Ashien,Bauser,abausernu@msn.com,Female,201.9.162.170
860,Maurise,Emeny,memenynv@nih.gov,Male,13.71.19.13
861,Yehudi,Pozzi,ypozzinw@usatoday.com,Male,80.181.22.3
862,Modesty,Penson,mpensonnx@360.cn,Female,184.7.166.223
863,Judah,Kenworth,jkenworthny@google.com,Male,251.130.208.151
864,Belita,Bastick,bbasticknz@paypal.com,Female,34.91.244.95
865,Davis,Westcott,dwestcotto0@dagondesign.com,Male,112.129.242.153
866,Ezechiel,Ivery,eiveryo1@photobucket.com,Male,117.253.84.155
867,Edyth,Dumke,edumkeo2@loc.gov,Female,44.20.170.125
868,Manfred,Lambrecht,mlambrechto3@bizjournals.com,Male,41.3.240.230
869,Pasquale,Leak,pleako4@dmoz.org,Male,30.45.179.134
870,Rochell,Beart,rbearto5@ucsd.edu,Female,20.70.185.18
871,Yoko,Vickars,yvickarso6@bigcartel.com,Female,219.13.190.208
872,Nicolais,De La Coste,ndelacosteo7@blogger.com,Male,157.180.60.20
873,Ermina,Wahlberg,ewahlbergo8@liveinternet.ru,Female,131.147.178.133
874,Brewer,Meadows,bmeadowso9@nationalgeographic.com,Male,60.50.139.115
875,Effie,Bortoletti,ebortolettioa@illinois.edu,Female,12.44.94.218
876,Cissiee,Noulton,cnoultonob@toplist.cz,Female,170.123.218.222
877,Anabella,Epp,aeppoc@lulu.com,Female,32.42.233.175
878,Celesta,Flowitt,cflowittod@sourceforge.net,Female,149.233.134.90
879,Judd,Echallier,jechallieroe@yelp.com,Male,67.40.96.225
880,Nikita,Byatt,nbyattof@sfgate.com,Male,203.104.227.235
881,Teador,Becks,tbecksog@sakura.ne.jp,Male,64.252.206.123
882,Clarette,Rodriguez,crodriguezoh@cornell.edu,Female,254.57.169.37
883,Devonna,Showers,dshowersoi@gnu.org,Female,1.108.125.248
884,Daniel,McHan,dmchanoj@nbcnews.com,Male,118.0.208.61
885,Sonnnie,Luc,slucok@un.org,Female,39.42.245.233
886,Normie,Trayte,ntrayteol@is.gd,Male,184.175.55.42
887,Pooh,Harradence,pharradenceom@washingtonpost.com,Female,38.21.140.253
888,Leoine,Swinbourne,lswinbourneon@ibm.com,Female,133.239.4.95
889,Darrel,Alen,dalenoo@noaa.gov,Male,57.142.51.48
890,Catriona,Tranter,ctranterop@constantcontact.com,Female,17.218.16.218
891,Renae,Bonifas,rbonifasoq@canalblog.com,Female,210.127.246.234
892,Errol,Sharrocks,esharrocksor@smugmug.com,Male,97.137.161.60
893,Hailey,Fendlen,hfendlenos@gnu.org,Male,210.204.221.33
894,Ev,Simoni,esimoniot@yahoo.com,Male,58.105.0.155
895,Danna,Castlake,dcastlakeou@mediafire.com,Female,201.24.250.1
896,Nickie,Camerana,ncameranaov@amazon.co.uk,Female,130.106.92.17
897,Evangelia,Scotchmoor,escotchmoorow@weebly.com,Female,185.188.101.136
898,Rosene,Fourman,rfourmanox@bizjournals.com,Female,166.137.36.16
899,Carr,Cracoe,ccracoeoy@alibaba.com,Male,213.187.13.167
900,Desiree,Walster,dwalsteroz@google.de,Female,109.116.97.112
901,Standford,Troake,stroakep0@omniture.com,Male,47.187.160.198
902,Teressa,Drayton,tdraytonp1@ucoz.com,Female,151.173.203.46
903,Elsey,Castellino,ecastellinop2@thetimes.co.uk,Female,228.140.186.138
904,Vivian,Jales,vjalesp3@ebay.co.uk,Female,220.108.176.150
905,Merissa,Charleston,mcharlestonp4@jugem.jp,Female,164.128.230.178
906,Niki,Imison,nimisonp5@wikimedia.org,Female,140.156.31.74
907,Niko,Finlayson,nfinlaysonp6@dropbox.com,Male,237.131.200.238
908,Dale,Codner,dcodnerp7@people.com.cn,Male,113.20.96.4
909,Fredelia,Tolson,ftolsonp8@sbwire.com,Female,155.200.239.154
910,Kerwin,Lalor,klalorp9@samsung.com,Male,203.147.217.155
911,Alyse,Burdin,aburdinpa@reverbnation.com,Female,168.97.213.242
912,Kerby,Bathow,kbathowpb@about.com,Male,187.216.137.228
913,Georgiana,Pidgin,gpidginpc@mysql.com,Female,58.63.92.57
914,Nancee,Creffield,ncreffieldpd@cyberchimps.com,Female,250.223.202.182
915,Ainsley,O'Cuddie,aocuddiepe@reuters.com,Female,132.246.50.149
916,Loutitia,Mulderrig,lmulderrigpf@bizjournals.com,Female,73.199.146.233
917,Marleen,Rhucroft,mrhucroftpg@wikipedia.org,Female,63.129.128.4
918,Domingo,Johl,djohlph@cargocollective.com,Male,222.72.52.165
919,Ephraim,Geddis,egeddispi@spotify.com,Male,68.177.158.222
920,Estrellita,Basham,ebashampj@issuu.com,Female,100.194.8.179
921,Amandie,Leneham,alenehampk@ycombinator.com,Female,158.131.221.207
922,Winston,Scorer,wscorerpl@nyu.edu,Male,226.70.31.186
923,Dilly,Human,dhumanpm@xinhuanet.com,Male,178.156.150.127
924,Roscoe,Mapes,rmapespn@tuttocitta.it,Male,238.55.121.68
925,Oralee,Skeats,oskeatspo@hostgator.com,Female,181.155.3.211
926,Ase,Cinavas,acinavaspp@abc.net.au,Male,166.134.231.83
927,Morris,Turgoose,mturgoosepq@delicious.com,Male,113.7.160.68
928,Dmitri,Hoggin,dhogginpr@theguardian.com,Male,108.62.93.228
929,Dru,Pattenden,dpattendenps@ask.com,Female,241.77.115.78
930,Lucian,Moorman,lmoormanpt@businesswire.com,Male,178.128.21.166
931,Kingston,Addyman,kaddymanpu@live.com,Male,161.37.173.185
932,Rochester,Veneur,rveneurpv@cbsnews.com,Male,39.66.67.98
933,Daile,Kordova,dkordovapw@weebly.com,Female,5.126.220.171
934,Trenna,Yanshonok,tyanshonokpx@posterous.com,Female,246.43.167.220
935,Constantine,Evamy,cevamypy@quantcast.com,Female,223.106.190.51
936,Thedric,MacClure,tmacclurepz@latimes.com,Male,88.254.224.1
937,Kandace,Thying,kthyingq0@ustream.tv,Female,188.70.199.209
938,Victoir,Shillabeare,vshillabeareq1@bandcamp.com,Male,14.146.49.25
939,Flory,Kilbane,fkilbaneq2@chron.com,Female,215.164.38.112
940,Wilmar,Rollason,wrollasonq3@paginegialle.it,Male,0.121.76.84
941,Hendrick,Tommen,htommenq4@facebook.com,Male,196.172.200.98
942,Aymer,O'Hearn,aohearnq5@whitehouse.gov,Male,187.255.154.1
943,Shanon,Maytum,smaytumq6@furl.net,Female,100.24.105.71
944,Christian,Dayne,cdayneq7@patch.com,Female,171.233.50.121
945,Corinna,Petrushka,cpetrushkaq8@huffingtonpost.com,Female,37.141.28.227
946,Annalee,Medcalf,amedcalfq9@indiatimes.com,Female,138.122.193.157
947,Jaclin,Quainton,jquaintonqa@smh.com.au,Female,81.25.224.95
948,Sim,Zuenelli,szuenelliqb@mozilla.com,Male,223.142.243.84
949,Caroline,Sykes,csykesqc@berkeley.edu,Female,91.152.255.115
950,Veronica,Fardell,vfardellqd@wix.com,Female,199.13.73.78
951,Dorthy,Hebburn,dhebburnqe@meetup.com,Female,47.93.150.126
952,Ted,Jiricka,tjirickaqf@oakley.com,Female,140.212.253.222
953,Hollyanne,Kibbee,hkibbeeqg@hugedomains.com,Female,33.102.121.89
954,Willi,Fraine,wfraineqh@constantcontact.com,Female,115.221.115.193
955,Vickie,Mattholie,vmattholieqi@sourceforge.net,Female,128.167.135.57
956,Arny,Murrum,amurrumqj@mapy.cz,Male,231.85.237.62
957,Katleen,Saill,ksaillqk@yelp.com,Female,166.130.159.124
958,Anselm,Barkworth,abarkworthql@desdev.cn,Male,154.51.115.136
959,Alistair,Errett,aerrettqm@ca.gov,Male,254.101.228.3
960,Myer,Pittman,mpittmanqn@discuz.net,Male,249.112.147.234
961,Lucas,Fragino,lfraginoqo@about.com,Male,173.85.30.233
962,Ruth,Ghidotti,rghidottiqp@merriam-webster.com,Female,47.64.224.252
963,Kienan,Wheway,kwhewayqq@statcounter.com,Male,192.205.249.207
964,Oberon,Temperley,otemperleyqr@techcrunch.com,Male,8.197.245.240
965,Darby,Basso,dbassoqs@acquirethisname.com,Female,185.144.196.66
966,Keefe,Ganforthe,kganfortheqt@mozilla.com,Male,142.39.47.59
967,Aggie,Bamborough,abamboroughqu@so-net.ne.jp,Female,173.82.216.17
968,Morgan,Risbridger,mrisbridgerqv@bizjournals.com,Female,153.175.217.51
969,Helli,Eric,hericqw@i2i.jp,Female,185.111.216.113
970,Eveline,Dodimead,edodimeadqx@mysql.com,Female,37.255.221.145
971,Cazzie,Mobberley,cmobberleyqy@tripadvisor.com,Male,91.231.242.99
972,Nealy,Devote,ndevoteqz@cbc.ca,Male,102.113.116.50
973,Kennie,Dankov,kdankovr0@oaic.gov.au,Male,144.36.217.29
974,Clive,Tassell,ctassellr1@census.gov,Male,209.243.46.195
975,Delmer,Chinnery,dchinneryr2@bloomberg.com,Male,230.187.55.0
976,Nanni,Whenman,nwhenmanr3@tmall.com,Female,0.209.26.175
977,Abbey,Spragg,aspraggr4@timesonline.co.uk,Male,245.22.79.7
978,Yance,Mansford,ymansfordr5@wikipedia.org,Male,16.147.37.105
979,Ursa,Prest,uprestr6@behance.net,Female,82.229.221.7
980,Thurstan,Jelphs,tjelphsr7@webmd.com,Male,163.22.159.127
981,Sonnie,Dan,sdanr8@wikimedia.org,Female,200.169.213.201
982,Elmo,Staniforth,estaniforthr9@mtv.com,Male,235.208.221.190
983,Laurence,Dary,ldaryra@amazon.co.jp,Male,139.129.105.244
984,Russ,Gudahy,rgudahyrb@wordpress.org,Male,49.2.3.242
985,Freida,Jamieson,fjamiesonrc@google.it,Female,156.17.220.125
986,Amalle,Wickardt,awickardtrd@webmd.com,Female,169.195.107.212
987,Lizzie,Crayker,lcraykerre@ucla.edu,Female,41.187.234.155
988,Tiffi,Bend,tbendrf@livejournal.com,Female,82.227.89.54
989,Bartram,Bonny,bbonnyrg@forbes.com,Male,176.17.92.11
990,Belvia,McGaughey,bmcgaugheyrh@who.int,Female,1.167.109.144
991,Brandise,Boud,bboudri@auda.org.au,Female,102.99.46.15
992,Cookie,Whiting,cwhitingrj@jugem.jp,Female,51.36.151.93
993,Aurora,Clemon,aclemonrk@independent.co.uk,Female,163.89.153.215
994,Poul,Jukes,pjukesrl@sphinn.com,Male,150.226.199.154
995,Patin,Lincke,plinckerm@ycombinator.com,Male,18.40.125.255
996,Hermy,Harrison,hharrisonrn@psu.edu,Male,169.123.145.133
997,Sonnie,Hause,shausero@sfgate.com,Female,171.243.73.59
998,Lissa,Perford,lperfordrp@marketwatch.com,Female,167.89.51.242
999,Markos,Worling,mworlingrq@buzzfeed.com,Male,46.89.134.65
1000,Winn,Fforde,wfforderr@guardian.co.uk,Male,103.234.8.93
